Total,Correct Area,Muon Gen (in Area),Muon Det (in Area),Eff - Muon Det if when Gen (in Area),False Positive - Muon Not Gen when Det (In Area)
30.710179208224872,17.658137144782813,15.355924216506537,5.080393811600516,5.079907563980669,0.00048624761984683573
